<?xml version="1.0" encoding="UTF-8"?>
<beans xmlns="http://www.springframework.org/schema/beans"
	xmlns:context="http://www.springframework.org/schema/context"
	xmlns:mvc="http://www.springframework.org/schema/mvc" 
	xmlns:xsi="http://www.w3.org/2001/XMLSchema-instance"
	xmlns:tx="http://www.springframework.org/schema/tx"
	xsi:schemaLocation="
        http://www.springframework.org/schema/beans     
        http://www.springframework.org/schema/beans/spring-beans-3.0.xsd
        http://www.springframework.org/schema/context 
        http://www.springframework.org/schema/context/spring-context-3.0.xsd
        http://www.springframework.org/schema/mvc
        http://www.springframework.org/schema/mvc/spring-mvc-3.0.xsd
        http://www.springframework.org/schema/tx 
        http://www.springframework.org/schema/tx/spring-tx-3.2.xsd">
        
        <context:property-placeholder location="classpath:database.properties" />
        <context:component-scan base-package="com.cg"></context:component-scan>
       	<mvc:annotation-driven/>
       		
     	<bean id="viewResolver" class="org.springframework.web.servlet.view.InternalResourceViewResolver">
    		<property name="prefix" value="/" />
    		<property name="suffix" value=".jsp" />
   		</bean>
   		
    	<!-- <bean id="dataSource" class="org.springframework.jdbc.datasource.DriverManagerDataSource">
			<property name="driverClassName" value="com.mysql.jdbc.Driver" />
			<property name="url" value="jdbc:mysql://localhost:3306/sample" />
			<property name="username" value="root" />
			<property name="password" value="root" />
		</bean> -->
		<bean id="dataSource" class="org.springframework.jdbc.datasource.DriverManagerDataSource">
			<property name="driverClassName" value="${database.driver}" />
			<property name="url" value="${database.url}" />
			<property name="username" value="${database.user}" />
			<property name="password" value="${database.password}" />
		</bean>
		

		<bean id="sessionFactory" class="org.springframework.orm.hibernate3.annotation.AnnotationSessionFactoryBean">
			<property name="dataSource" ref="dataSource" />
			<property name="annotatedClasses">
				<list>
					<value>com.cg.bean.Service</value>
					<value>com.cg.bean.SubService</value>
				</list>
			</property>
			<property name="hibernateProperties">
				<props>
					<prop key="hibernate.dialect">org.hibernate.dialect.MySQLDialect</prop>
					<prop key="hibernate.show_sql">true</prop>
					<prop key="hibernate.hbm2ddl.auto">update</prop>				
				</props>
			</property>
		</bean>

		<bean id="hibernateTransactionManager" class="org.springframework.orm.hibernate3.HibernateTransactionManager">
			<property name="sessionFactory" ref="sessionFactory" />
		</bean>
	
</beans>