<?xml version="1.0" encoding="UTF-8"?>
<beans xmlns="http://www.springframework.org/schema/beans"
	xmlns:xsi="http://www.w3.org/2001/XMLSchema-instance" 
	xmlns:aop="http://www.springframework.org/schema/aop"
	xsi:schemaLocation="http://www.springframework.org/schema/beans 
	http://www.springframework.org/schema/beans/spring-beans-4.0.xsd">

	<bean id="emp"	class="com.cg.Emp">
		 <property name="name"><value>null</value></property>
		 <property name="age"><value>0</value></property>
		 <property name="company"><value>null</value></property>
		 <property name="flag"><value>false</value></property>
	</bean>
	
</beans>